<?xml version='1.0' encoding='UTF-8' standalone='no'?>
<doxygen xmlns:xsi="http://www.w3.org/2001/XMLSchema-instance" xsi:noNamespaceSchemaLocation="compound.xsd" version="1.8.6">
  <compounddef id="20190916154822__4_lab8_8cs" kind="file">
    <compoundname>20190916154822_4Lab8.cs</compoundname>
    <innerclass refid="class_music_store_1_1_data_1_1_migrations_1_1__4_lab8" prot="public">MusicStore::Data::Migrations::_4Lab8</innerclass>
    <innernamespace refid="namespace_music_store_1_1_data_1_1_migrations">MusicStore::Data::Migrations</innernamespace>
    <briefdescription>
    </briefdescription>
    <detaileddescription>
    </detaileddescription>
    <programlisting>
<codeline lineno="1"><highlight class="keyword">using</highlight><highlight class="normal"><sp/>Microsoft.EntityFrameworkCore.Migrations;</highlight></codeline>
<codeline lineno="2"><highlight class="normal"></highlight></codeline>
<codeline lineno="3"><highlight class="normal"></highlight><highlight class="keyword">namespace<sp/></highlight><highlight class="normal">MusicStore.Data.Migrations</highlight></codeline>
<codeline lineno="4"><highlight class="normal">{</highlight></codeline>
<codeline lineno="5" refid="class_music_store_1_1_data_1_1_migrations_1_1__4_lab8" refkind="compound"><highlight class="normal"><sp/><sp/><sp/><sp/></highlight><highlight class="keyword">public</highlight><highlight class="normal"><sp/></highlight><highlight class="keyword">partial<sp/>class<sp/></highlight><highlight class="normal"><ref refid="class_music_store_1_1_data_1_1_migrations_1_1__4_lab8" kindref="compound">_4Lab8</ref><sp/>:<sp/>Migration</highlight></codeline>
<codeline lineno="6"><highlight class="normal"><sp/><sp/><sp/><sp/>{</highlight></codeline>
<codeline lineno="7" refid="class_music_store_1_1_data_1_1_migrations_1_1__4_lab8_1a32c93b20b531f500e97ac744030583fa" refkind="member"><highlight class="normal"><sp/><sp/><sp/><sp/><sp/><sp/><sp/><sp/></highlight><highlight class="keyword">protected</highlight><highlight class="normal"><sp/></highlight><highlight class="keyword">override</highlight><highlight class="normal"><sp/></highlight><highlight class="keywordtype">void</highlight><highlight class="normal"><sp/><ref refid="class_music_store_1_1_data_1_1_migrations_1_1__4_lab8_1a32c93b20b531f500e97ac744030583fa" kindref="member">Up</ref>(MigrationBuilder<sp/>migrationBuilder)</highlight></codeline>
<codeline lineno="8"><highlight class="normal"><sp/><sp/><sp/><sp/><sp/><sp/><sp/><sp/>{</highlight></codeline>
<codeline lineno="9"><highlight class="normal"></highlight></codeline>
<codeline lineno="10"><highlight class="normal"><sp/><sp/><sp/><sp/><sp/><sp/><sp/><sp/>}</highlight></codeline>
<codeline lineno="11"><highlight class="normal"></highlight></codeline>
<codeline lineno="12" refid="class_music_store_1_1_data_1_1_migrations_1_1__4_lab8_1a6c49b3159a23637fe09508d846d12f06" refkind="member"><highlight class="normal"><sp/><sp/><sp/><sp/><sp/><sp/><sp/><sp/></highlight><highlight class="keyword">protected</highlight><highlight class="normal"><sp/></highlight><highlight class="keyword">override</highlight><highlight class="normal"><sp/></highlight><highlight class="keywordtype">void</highlight><highlight class="normal"><sp/><ref refid="class_music_store_1_1_data_1_1_migrations_1_1__4_lab8_1a6c49b3159a23637fe09508d846d12f06" kindref="member">Down</ref>(MigrationBuilder<sp/>migrationBuilder)</highlight></codeline>
<codeline lineno="13"><highlight class="normal"><sp/><sp/><sp/><sp/><sp/><sp/><sp/><sp/>{</highlight></codeline>
<codeline lineno="14"><highlight class="normal"></highlight></codeline>
<codeline lineno="15"><highlight class="normal"><sp/><sp/><sp/><sp/><sp/><sp/><sp/><sp/>}</highlight></codeline>
<codeline lineno="16"><highlight class="normal"><sp/><sp/><sp/><sp/>}</highlight></codeline>
<codeline lineno="17"><highlight class="normal">}</highlight></codeline>
    </programlisting>
    <location file="C:/Users/ACT/Desktop/Jesse A Projects/Git Repo/JesseA/SD-104-CSharp/MVC_Lab9_CustomerReccomendPage/Data/Migrations/20190916154822_4Lab8.cs"/>
  </compounddef>
</doxygen>
