<?xml version='1.0' encoding='UTF-8' standalone='no'?>
<doxygen xmlns:xsi="http://www.w3.org/2001/XMLSchema-instance" xsi:noNamespaceSchemaLocation="compound.xsd" version="1.8.6">
  <compounddef id="_application_db_context_8cs" kind="file">
    <compoundname>ApplicationDbContext.cs</compoundname>
    <innerclass refid="class_music_store_1_1_data_1_1_application_db_context" prot="public">MusicStore::Data::ApplicationDbContext</innerclass>
    <innernamespace refid="namespace_music_store_1_1_data">MusicStore::Data</innernamespace>
    <innernamespace refid="namespace_system_1_1_text">System::Text</innernamespace>
    <innernamespace refid="namespace_microsoft_1_1_asp_net_core_1_1_identity_1_1_entity_framework_core">Microsoft::AspNetCore::Identity::EntityFrameworkCore</innernamespace>
    <briefdescription>
    </briefdescription>
    <detaileddescription>
    </detaileddescription>
    <programlisting>
<codeline lineno="1"><highlight class="keyword">using</highlight><highlight class="normal"><sp/>System;</highlight></codeline>
<codeline lineno="2"><highlight class="normal"></highlight><highlight class="keyword">using</highlight><highlight class="normal"><sp/>System.Collections.Generic;</highlight></codeline>
<codeline lineno="3"><highlight class="normal"></highlight><highlight class="keyword">using</highlight><highlight class="normal"><sp/>System.Text;</highlight></codeline>
<codeline lineno="4"><highlight class="normal"></highlight><highlight class="keyword">using</highlight><highlight class="normal"><sp/>Microsoft.AspNetCore.Identity.EntityFrameworkCore;</highlight></codeline>
<codeline lineno="5"><highlight class="normal"></highlight><highlight class="keyword">using</highlight><highlight class="normal"><sp/>Microsoft.EntityFrameworkCore;</highlight></codeline>
<codeline lineno="6"><highlight class="normal"></highlight><highlight class="keyword">using</highlight><highlight class="normal"><sp/>MusicStore.Models;</highlight></codeline>
<codeline lineno="7"><highlight class="normal"></highlight></codeline>
<codeline lineno="8"><highlight class="normal"></highlight><highlight class="keyword">namespace<sp/></highlight><highlight class="normal">MusicStore.Data</highlight></codeline>
<codeline lineno="9"><highlight class="normal">{</highlight></codeline>
<codeline lineno="10" refid="class_music_store_1_1_data_1_1_application_db_context" refkind="compound"><highlight class="normal"><sp/><sp/><sp/><sp/></highlight><highlight class="keyword">public</highlight><highlight class="normal"><sp/></highlight><highlight class="keyword">class<sp/></highlight><highlight class="normal"><ref refid="class_music_store_1_1_data_1_1_application_db_context" kindref="compound">ApplicationDbContext</ref><sp/>:<sp/>IdentityDbContext</highlight></codeline>
<codeline lineno="11"><highlight class="normal"><sp/><sp/><sp/><sp/>{</highlight></codeline>
<codeline lineno="12" refid="class_music_store_1_1_data_1_1_application_db_context_1aecea523e4d34ebbf4485e26711e17527" refkind="member"><highlight class="normal"><sp/><sp/><sp/><sp/><sp/><sp/><sp/><sp/></highlight><highlight class="keyword">public</highlight><highlight class="normal"><sp/><ref refid="class_music_store_1_1_data_1_1_application_db_context_1aecea523e4d34ebbf4485e26711e17527" kindref="member">ApplicationDbContext</ref>(DbContextOptions&lt;ApplicationDbContext&gt;<sp/>options)</highlight></codeline>
<codeline lineno="13"><highlight class="normal"><sp/><sp/><sp/><sp/><sp/><sp/><sp/><sp/><sp/><sp/><sp/><sp/>:<sp/>base(options)</highlight></codeline>
<codeline lineno="14"><highlight class="normal"><sp/><sp/><sp/><sp/><sp/><sp/><sp/><sp/>{</highlight></codeline>
<codeline lineno="15"><highlight class="normal"><sp/><sp/><sp/><sp/><sp/><sp/><sp/><sp/>}</highlight></codeline>
<codeline lineno="16" refid="class_music_store_1_1_data_1_1_application_db_context_1acec6343a2c964437ed16094a7c685e5e" refkind="member"><highlight class="normal"><sp/><sp/><sp/><sp/><sp/><sp/><sp/><sp/></highlight><highlight class="keyword">public</highlight><highlight class="normal"><sp/>DbSet&lt;<ref refid="class_music_store_1_1_models_1_1_song" kindref="compound">MusicStore.Models.Song</ref>&gt;<sp/><ref refid="class_music_store_1_1_models_1_1_song" kindref="compound">Song</ref><sp/>{<sp/></highlight><highlight class="keyword">get</highlight><highlight class="normal">;<sp/>set;<sp/>}</highlight></codeline>
<codeline lineno="17" refid="class_music_store_1_1_data_1_1_application_db_context_1a16ea0774b59af291650f3492c0f5cf16" refkind="member"><highlight class="normal"><sp/><sp/><sp/><sp/><sp/><sp/><sp/><sp/></highlight><highlight class="keyword">public</highlight><highlight class="normal"><sp/>DbSet&lt;<ref refid="class_music_store_1_1_models_1_1_customer" kindref="compound">MusicStore.Models.Customer</ref>&gt;<sp/><ref refid="class_music_store_1_1_models_1_1_customer" kindref="compound">Customer</ref><sp/>{<sp/></highlight><highlight class="keyword">get</highlight><highlight class="normal">;<sp/>set;<sp/>}</highlight></codeline>
<codeline lineno="18"><highlight class="normal"><sp/><sp/><sp/><sp/>}</highlight></codeline>
<codeline lineno="19"><highlight class="normal">}</highlight></codeline>
    </programlisting>
    <location file="C:/Users/ACT/Desktop/Jesse A Projects/Git Repo/JesseA/SD-104-CSharp/MVC_Lab9_CustomerReccomendPage/Data/ApplicationDbContext.cs"/>
  </compounddef>
</doxygen>
