<?xml version='1.0' encoding='UTF-8' standalone='no'?>
<doxygen xmlns:xsi="http://www.w3.org/2001/XMLSchema-instance" xsi:noNamespaceSchemaLocation="compound.xsd" version="1.8.6">
  <compounddef id="_customer_8cs" kind="file">
    <compoundname>Customer.cs</compoundname>
    <innerclass refid="class_music_store_1_1_models_1_1_customer" prot="public">MusicStore::Models::Customer</innerclass>
    <innernamespace refid="namespace_music_store_1_1_models">MusicStore::Models</innernamespace>
    <innernamespace refid="namespace_system_1_1_runtime_1_1_interop_services">System::Runtime::InteropServices</innernamespace>
    <innernamespace refid="namespace_system_1_1_reflection">System::Reflection</innernamespace>
    <briefdescription>
    </briefdescription>
    <detaileddescription>
    </detaileddescription>
    <programlisting>
<codeline lineno="1"><highlight class="keyword">using</highlight><highlight class="normal"><sp/>System;</highlight></codeline>
<codeline lineno="2"><highlight class="normal"></highlight><highlight class="keyword">using</highlight><highlight class="normal"><sp/>System.Collections.Generic;</highlight></codeline>
<codeline lineno="3"><highlight class="normal"></highlight><highlight class="keyword">using</highlight><highlight class="normal"><sp/>System.Linq;</highlight></codeline>
<codeline lineno="4"><highlight class="normal"></highlight><highlight class="keyword">using</highlight><highlight class="normal"><sp/>System.Threading.Tasks;</highlight></codeline>
<codeline lineno="5"><highlight class="normal"></highlight><highlight class="keyword">using</highlight><highlight class="normal"><sp/>System.Runtime.InteropServices;</highlight></codeline>
<codeline lineno="6"><highlight class="normal"></highlight><highlight class="keyword">using</highlight><highlight class="normal"><sp/>System.Reflection;</highlight></codeline>
<codeline lineno="7"><highlight class="normal"></highlight></codeline>
<codeline lineno="8" refid="namespace_music_store_1_1_models" refkind="compound"><highlight class="normal"></highlight><highlight class="keyword">namespace<sp/></highlight><highlight class="normal">MusicStore.Models</highlight></codeline>
<codeline lineno="9"><highlight class="normal">{</highlight></codeline>
<codeline lineno="10" refid="class_music_store_1_1_models_1_1_customer" refkind="compound"><highlight class="normal"><sp/><sp/><sp/><sp/></highlight><highlight class="keyword">public</highlight><highlight class="normal"><sp/></highlight><highlight class="keyword">class<sp/></highlight><highlight class="normal"><ref refid="class_music_store_1_1_models_1_1_customer" kindref="compound">Customer</ref></highlight></codeline>
<codeline lineno="11"><highlight class="normal"><sp/><sp/><sp/><sp/>{</highlight></codeline>
<codeline lineno="12"><highlight class="normal"></highlight></codeline>
<codeline lineno="13" refid="class_music_store_1_1_models_1_1_customer_1a3687e461b92d79b21bae0f72ca91503c" refkind="member"><highlight class="normal"><sp/><sp/><sp/><sp/><sp/><sp/><sp/><sp/></highlight><highlight class="keyword">public</highlight><highlight class="normal"><sp/></highlight><highlight class="keywordtype">int</highlight><highlight class="normal"><sp/>Id<sp/>{<sp/></highlight><highlight class="keyword">get</highlight><highlight class="normal">;<sp/>set;<sp/>}</highlight></codeline>
<codeline lineno="14" refid="class_music_store_1_1_models_1_1_customer_1aaf3162b1cf352c9856e11df18cfd4472" refkind="member"><highlight class="normal"><sp/><sp/><sp/><sp/><sp/><sp/><sp/><sp/></highlight><highlight class="keyword">public</highlight><highlight class="normal"><sp/></highlight><highlight class="keywordtype">string</highlight><highlight class="normal"><sp/>Name<sp/>{<sp/></highlight><highlight class="keyword">get</highlight><highlight class="normal">;<sp/>set;<sp/>}</highlight></codeline>
<codeline lineno="15" refid="class_music_store_1_1_models_1_1_customer_1aeb03852512a1925bceb4030b28446a01" refkind="member"><highlight class="normal"><sp/><sp/><sp/><sp/><sp/><sp/><sp/><sp/></highlight><highlight class="keyword">public</highlight><highlight class="normal"><sp/></highlight><highlight class="keywordtype">int</highlight><highlight class="normal"><sp/>Age<sp/>{<sp/></highlight><highlight class="keyword">get</highlight><highlight class="normal">;<sp/>set;<sp/>}</highlight></codeline>
<codeline lineno="16"><highlight class="normal"><sp/><sp/><sp/><sp/><sp/><sp/><sp/><sp/>[System.ComponentModel.DataAnnotations.Display(Name<sp/>=<sp/></highlight><highlight class="stringliteral">&quot;Favorite<sp/>Genre&quot;</highlight><highlight class="normal">)]</highlight></codeline>
<codeline lineno="17" refid="class_music_store_1_1_models_1_1_customer_1a0269f84238cc31346773ec34e63448fb" refkind="member"><highlight class="normal"><sp/><sp/><sp/><sp/><sp/><sp/><sp/><sp/></highlight><highlight class="keyword">public</highlight><highlight class="normal"><sp/></highlight><highlight class="keywordtype">string</highlight><highlight class="normal"><sp/>FavoriteGenre<sp/>{<sp/></highlight><highlight class="keyword">get</highlight><highlight class="normal">;<sp/>set;<sp/>}</highlight></codeline>
<codeline lineno="18"><highlight class="normal"></highlight></codeline>
<codeline lineno="19"><highlight class="normal"><sp/><sp/><sp/><sp/><sp/><sp/><sp/><sp/>[System.ComponentModel.DataAnnotations.Display(Name<sp/>=<sp/></highlight><highlight class="stringliteral">&quot;Favorite<sp/>Song&quot;</highlight><highlight class="normal">)]</highlight></codeline>
<codeline lineno="20" refid="class_music_store_1_1_models_1_1_customer_1a7d36bc8b090de1373fdf9df93f844883" refkind="member"><highlight class="normal"><sp/><sp/><sp/><sp/><sp/><sp/><sp/><sp/></highlight><highlight class="keyword">public</highlight><highlight class="normal"><sp/></highlight><highlight class="keywordtype">string</highlight><highlight class="normal"><sp/>FavoriteSong<sp/>{<sp/></highlight><highlight class="keyword">get</highlight><highlight class="normal">;<sp/>set;<sp/>}</highlight></codeline>
<codeline lineno="21"><highlight class="normal"></highlight></codeline>
<codeline lineno="22"><highlight class="normal"><sp/><sp/><sp/><sp/><sp/><sp/><sp/><sp/>[System.ComponentModel.DataAnnotations.Display(Name<sp/>=<sp/></highlight><highlight class="stringliteral">&quot;Customer<sp/>Image&quot;</highlight><highlight class="normal">)]</highlight></codeline>
<codeline lineno="23" refid="class_music_store_1_1_models_1_1_customer_1a434c8ef39329fab106e47928485cfa77" refkind="member"><highlight class="normal"><sp/><sp/><sp/><sp/><sp/><sp/><sp/><sp/></highlight><highlight class="keyword">public</highlight><highlight class="normal"><sp/></highlight><highlight class="keywordtype">string</highlight><highlight class="normal"><sp/>ImagePath<sp/>{<sp/></highlight><highlight class="keyword">get</highlight><highlight class="normal">;<sp/>set;<sp/>}</highlight></codeline>
<codeline lineno="24"><highlight class="normal"><sp/><sp/><sp/><sp/>}</highlight></codeline>
<codeline lineno="25"><highlight class="normal"></highlight></codeline>
<codeline lineno="26"><highlight class="normal"></highlight></codeline>
<codeline lineno="27"><highlight class="normal">}</highlight></codeline>
    </programlisting>
    <location file="C:/Users/ACT/Desktop/Jesse A Projects/Git Repo/JesseA/SD-104-CSharp/MVC_Lab9_CustomerReccomendPage/Models/Customer.cs"/>
  </compounddef>
</doxygen>
