<?xml version='1.0' encoding='UTF-8' standalone='no'?>
<doxygen xmlns:xsi="http://www.w3.org/2001/XMLSchema-instance" xsi:noNamespaceSchemaLocation="compound.xsd" version="1.8.6">
  <compounddef id="_error_view_model_8cs" kind="file">
    <compoundname>ErrorViewModel.cs</compoundname>
    <innerclass refid="class_music_store_1_1_models_1_1_error_view_model" prot="public">MusicStore::Models::ErrorViewModel</innerclass>
    <innernamespace refid="namespace_music_store_1_1_models">MusicStore::Models</innernamespace>
    <briefdescription>
    </briefdescription>
    <detaileddescription>
    </detaileddescription>
    <programlisting>
<codeline lineno="1"><highlight class="keyword">using</highlight><highlight class="normal"><sp/>System;</highlight></codeline>
<codeline lineno="2"><highlight class="normal"></highlight></codeline>
<codeline lineno="3"><highlight class="normal"></highlight><highlight class="keyword">namespace<sp/></highlight><highlight class="normal">MusicStore.Models</highlight></codeline>
<codeline lineno="4"><highlight class="normal">{</highlight></codeline>
<codeline lineno="5" refid="class_music_store_1_1_models_1_1_error_view_model" refkind="compound"><highlight class="normal"><sp/><sp/><sp/><sp/></highlight><highlight class="keyword">public</highlight><highlight class="normal"><sp/></highlight><highlight class="keyword">class<sp/></highlight><highlight class="normal"><ref refid="class_music_store_1_1_models_1_1_error_view_model" kindref="compound">ErrorViewModel</ref></highlight></codeline>
<codeline lineno="6"><highlight class="normal"><sp/><sp/><sp/><sp/>{</highlight></codeline>
<codeline lineno="7" refid="class_music_store_1_1_models_1_1_error_view_model_1a7d3b64a6db429c4249eedbae6992b78e" refkind="member"><highlight class="normal"><sp/><sp/><sp/><sp/><sp/><sp/><sp/><sp/></highlight><highlight class="keyword">public</highlight><highlight class="normal"><sp/></highlight><highlight class="keywordtype">string</highlight><highlight class="normal"><sp/>RequestId<sp/>{<sp/></highlight><highlight class="keyword">get</highlight><highlight class="normal">;<sp/>set;<sp/>}</highlight></codeline>
<codeline lineno="8"><highlight class="normal"></highlight></codeline>
<codeline lineno="9" refid="class_music_store_1_1_models_1_1_error_view_model_1aaf11aed6996eaee145c469bab7429734" refkind="member"><highlight class="normal"><sp/><sp/><sp/><sp/><sp/><sp/><sp/><sp/></highlight><highlight class="keyword">public</highlight><highlight class="normal"><sp/></highlight><highlight class="keywordtype">bool</highlight><highlight class="normal"><sp/>ShowRequestId<sp/>=&gt;<sp/>!string.IsNullOrEmpty(RequestId);</highlight></codeline>
<codeline lineno="10"><highlight class="normal"><sp/><sp/><sp/><sp/>}</highlight></codeline>
<codeline lineno="11"><highlight class="normal">}</highlight></codeline>
    </programlisting>
    <location file="C:/Users/ACT/Desktop/Jesse A Projects/Git Repo/JesseA/SD-104-CSharp/MVC_Lab9_CustomerReccomendPage/Models/ErrorViewModel.cs"/>
  </compounddef>
</doxygen>
