<?xml version='1.0' encoding='UTF-8' standalone='no'?>
<doxygen xmlns:xsi="http://www.w3.org/2001/XMLSchema-instance" xsi:noNamespaceSchemaLocation="compound.xsd" version="1.8.6">
  <compounddef id="_home_controller_8cs" kind="file">
    <compoundname>HomeController.cs</compoundname>
    <innerclass refid="class_music_store_1_1_controllers_1_1_home_controller" prot="public">MusicStore::Controllers::HomeController</innerclass>
    <innernamespace refid="namespace_music_store_1_1_controllers">MusicStore::Controllers</innernamespace>
    <innernamespace refid="namespace_system_1_1_diagnostics">System::Diagnostics</innernamespace>
    <briefdescription>
    </briefdescription>
    <detaileddescription>
    </detaileddescription>
    <programlisting>
<codeline lineno="1"><highlight class="keyword">using</highlight><highlight class="normal"><sp/>System;</highlight></codeline>
<codeline lineno="2"><highlight class="normal"></highlight><highlight class="keyword">using</highlight><highlight class="normal"><sp/>System.Collections.Generic;</highlight></codeline>
<codeline lineno="3"><highlight class="normal"></highlight><highlight class="keyword">using</highlight><highlight class="normal"><sp/>System.Diagnostics;</highlight></codeline>
<codeline lineno="4"><highlight class="normal"></highlight><highlight class="keyword">using</highlight><highlight class="normal"><sp/>System.Linq;</highlight></codeline>
<codeline lineno="5"><highlight class="normal"></highlight><highlight class="keyword">using</highlight><highlight class="normal"><sp/>System.Threading.Tasks;</highlight></codeline>
<codeline lineno="6"><highlight class="normal"></highlight><highlight class="keyword">using</highlight><highlight class="normal"><sp/>Microsoft.AspNetCore.Mvc;</highlight></codeline>
<codeline lineno="7"><highlight class="normal"></highlight><highlight class="keyword">using</highlight><highlight class="normal"><sp/>MusicStore.Models;</highlight></codeline>
<codeline lineno="8"><highlight class="normal"></highlight><highlight class="keyword">using</highlight><highlight class="normal"><sp/>System.IO;</highlight></codeline>
<codeline lineno="9"><highlight class="normal"></highlight><highlight class="keyword">using</highlight><highlight class="normal"><sp/>Microsoft.AspNetCore.Hosting;</highlight></codeline>
<codeline lineno="10"><highlight class="normal"></highlight><highlight class="keyword">using</highlight><highlight class="normal"><sp/>Microsoft.AspNetCore.Http;</highlight></codeline>
<codeline lineno="11"><highlight class="normal"></highlight><highlight class="keyword">using</highlight><highlight class="normal"><sp/>MusicStore.Data;</highlight></codeline>
<codeline lineno="12"><highlight class="normal"></highlight></codeline>
<codeline lineno="13"><highlight class="normal"></highlight><highlight class="keyword">namespace<sp/></highlight><highlight class="normal">MusicStore.Controllers</highlight></codeline>
<codeline lineno="14"><highlight class="normal">{</highlight></codeline>
<codeline lineno="15"><highlight class="normal"></highlight></codeline>
<codeline lineno="16" refid="class_music_store_1_1_controllers_1_1_home_controller" refkind="compound"><highlight class="normal"><sp/><sp/><sp/><sp/></highlight><highlight class="keyword">public</highlight><highlight class="normal"><sp/></highlight><highlight class="keyword">class<sp/></highlight><highlight class="normal"><ref refid="class_music_store_1_1_controllers_1_1_home_controller" kindref="compound">HomeController</ref><sp/>:<sp/>Controller</highlight></codeline>
<codeline lineno="17"><highlight class="normal"><sp/><sp/><sp/><sp/>{</highlight></codeline>
<codeline lineno="18"><highlight class="normal"></highlight></codeline>
<codeline lineno="19" refid="class_music_store_1_1_controllers_1_1_home_controller_1a89e18b639285bcb5d1c875925c7f3901" refkind="member"><highlight class="normal"><sp/><sp/><sp/><sp/><sp/><sp/><sp/><sp/></highlight><highlight class="keyword">public</highlight><highlight class="normal"><sp/>readonly<sp/><ref refid="class_music_store_1_1_data_1_1_application_db_context" kindref="compound">ApplicationDbContext</ref><sp/><ref refid="class_music_store_1_1_controllers_1_1_home_controller_1a89e18b639285bcb5d1c875925c7f3901" kindref="member">_context</ref>;</highlight></codeline>
<codeline lineno="20"><highlight class="normal"></highlight></codeline>
<codeline lineno="21" refid="class_music_store_1_1_controllers_1_1_home_controller_1ac015e96f1fd38d340c1e01e36e868a0a" refkind="member"><highlight class="normal"><sp/><sp/><sp/><sp/><sp/><sp/><sp/><sp/></highlight><highlight class="keyword">public</highlight><highlight class="normal"><sp/><ref refid="class_music_store_1_1_controllers_1_1_home_controller_1ac015e96f1fd38d340c1e01e36e868a0a" kindref="member">HomeController</ref>(<ref refid="class_music_store_1_1_data_1_1_application_db_context" kindref="compound">ApplicationDbContext</ref><sp/>context)</highlight></codeline>
<codeline lineno="22"><highlight class="normal"><sp/><sp/><sp/><sp/><sp/><sp/><sp/><sp/>{</highlight></codeline>
<codeline lineno="23"><highlight class="normal"><sp/><sp/><sp/><sp/><sp/><sp/><sp/><sp/><sp/><sp/><sp/><sp/>_context<sp/>=<sp/>context;</highlight></codeline>
<codeline lineno="24"><highlight class="normal"><sp/><sp/><sp/><sp/><sp/><sp/><sp/><sp/>}</highlight></codeline>
<codeline lineno="25" refid="class_music_store_1_1_controllers_1_1_home_controller_1ab447fe264f69ef83cd8502d358b2521d" refkind="member"><highlight class="normal"><sp/><sp/><sp/><sp/><sp/><sp/><sp/><sp/></highlight><highlight class="keyword">public</highlight><highlight class="normal"><sp/>IActionResult<sp/><ref refid="class_music_store_1_1_controllers_1_1_home_controller_1ab447fe264f69ef83cd8502d358b2521d" kindref="member">Index</ref>()</highlight></codeline>
<codeline lineno="26"><highlight class="normal"><sp/><sp/><sp/><sp/><sp/><sp/><sp/><sp/>{</highlight></codeline>
<codeline lineno="27"><highlight class="normal"><sp/><sp/><sp/><sp/><sp/><sp/><sp/><sp/><sp/><sp/><sp/></highlight></codeline>
<codeline lineno="28"><highlight class="normal"><sp/><sp/><sp/><sp/><sp/><sp/><sp/><sp/><sp/><sp/><sp/><sp/></highlight><highlight class="keywordflow">return</highlight><highlight class="normal"><sp/>View(_context.Song.Where(m=&gt;m.IsFeatured).ToList());</highlight></codeline>
<codeline lineno="29"><highlight class="normal"><sp/><sp/><sp/><sp/><sp/><sp/><sp/><sp/>}</highlight></codeline>
<codeline lineno="30"><highlight class="normal"></highlight></codeline>
<codeline lineno="31" refid="class_music_store_1_1_controllers_1_1_home_controller_1a1194957f8eb3c0a15320cd7d22d111f5" refkind="member"><highlight class="normal"><sp/><sp/><sp/><sp/><sp/><sp/><sp/><sp/></highlight><highlight class="keyword">public</highlight><highlight class="normal"><sp/>IActionResult<sp/><ref refid="class_music_store_1_1_controllers_1_1_home_controller_1a1194957f8eb3c0a15320cd7d22d111f5" kindref="member">Albums</ref>()</highlight></codeline>
<codeline lineno="32"><highlight class="normal"><sp/><sp/><sp/><sp/><sp/><sp/><sp/><sp/>{</highlight></codeline>
<codeline lineno="33"><highlight class="normal"><sp/><sp/><sp/><sp/><sp/><sp/><sp/><sp/><sp/><sp/><sp/><sp/></highlight><highlight class="keywordflow">return</highlight><highlight class="normal"><sp/>View(_context.Song.GroupBy(x<sp/>=&gt;<sp/>x.Album).Select(grp<sp/>=&gt;<sp/>grp.First()).ToList());</highlight></codeline>
<codeline lineno="34"><highlight class="normal"><sp/><sp/><sp/><sp/><sp/><sp/><sp/><sp/>}</highlight></codeline>
<codeline lineno="35"><highlight class="normal"></highlight></codeline>
<codeline lineno="36" refid="class_music_store_1_1_controllers_1_1_home_controller_1a201516d5f4358d4af8ad92276d2dfdfb" refkind="member"><highlight class="normal"><sp/><sp/><sp/><sp/><sp/><sp/><sp/><sp/></highlight><highlight class="keyword">public</highlight><highlight class="normal"><sp/>IActionResult<sp/><ref refid="class_music_store_1_1_controllers_1_1_home_controller_1a201516d5f4358d4af8ad92276d2dfdfb" kindref="member">About</ref>()</highlight></codeline>
<codeline lineno="37"><highlight class="normal"><sp/><sp/><sp/><sp/><sp/><sp/><sp/><sp/>{</highlight></codeline>
<codeline lineno="38"><highlight class="normal"><sp/><sp/><sp/><sp/><sp/><sp/><sp/><sp/><sp/><sp/><sp/><sp/>ViewData[</highlight><highlight class="stringliteral">&quot;Message&quot;</highlight><highlight class="normal">]<sp/>=<sp/></highlight><highlight class="stringliteral">&quot;Your<sp/>application<sp/>description<sp/>page.&quot;</highlight><highlight class="normal">;</highlight></codeline>
<codeline lineno="39"><highlight class="normal"></highlight></codeline>
<codeline lineno="40"><highlight class="normal"><sp/><sp/><sp/><sp/><sp/><sp/><sp/><sp/><sp/><sp/><sp/><sp/></highlight><highlight class="keywordflow">return</highlight><highlight class="normal"><sp/>View();</highlight></codeline>
<codeline lineno="41"><highlight class="normal"><sp/><sp/><sp/><sp/><sp/><sp/><sp/><sp/>}</highlight></codeline>
<codeline lineno="42"><highlight class="normal"></highlight></codeline>
<codeline lineno="43" refid="class_music_store_1_1_controllers_1_1_home_controller_1a3ede30c676413cc65af7093c2e6450e2" refkind="member"><highlight class="normal"><sp/><sp/><sp/><sp/><sp/><sp/><sp/><sp/></highlight><highlight class="keyword">public</highlight><highlight class="normal"><sp/>IActionResult<sp/><ref refid="class_music_store_1_1_controllers_1_1_home_controller_1a3ede30c676413cc65af7093c2e6450e2" kindref="member">Contact</ref>()</highlight></codeline>
<codeline lineno="44"><highlight class="normal"><sp/><sp/><sp/><sp/><sp/><sp/><sp/><sp/>{</highlight></codeline>
<codeline lineno="45"><highlight class="normal"><sp/><sp/><sp/><sp/><sp/><sp/><sp/><sp/><sp/><sp/><sp/><sp/>ViewData[</highlight><highlight class="stringliteral">&quot;Message&quot;</highlight><highlight class="normal">]<sp/>=<sp/></highlight><highlight class="stringliteral">&quot;Your<sp/>contact<sp/>page.&quot;</highlight><highlight class="normal">;</highlight></codeline>
<codeline lineno="46"><highlight class="normal"></highlight></codeline>
<codeline lineno="47"><highlight class="normal"><sp/><sp/><sp/><sp/><sp/><sp/><sp/><sp/><sp/><sp/><sp/><sp/></highlight><highlight class="keywordflow">return</highlight><highlight class="normal"><sp/>View();</highlight></codeline>
<codeline lineno="48"><highlight class="normal"><sp/><sp/><sp/><sp/><sp/><sp/><sp/><sp/>}</highlight></codeline>
<codeline lineno="49"><highlight class="normal"></highlight></codeline>
<codeline lineno="50" refid="class_music_store_1_1_controllers_1_1_home_controller_1a2b2b9fc769baf64a190f72c9a9e06752" refkind="member"><highlight class="normal"><sp/><sp/><sp/><sp/><sp/><sp/><sp/><sp/></highlight><highlight class="keyword">public</highlight><highlight class="normal"><sp/>IActionResult<sp/><ref refid="class_music_store_1_1_controllers_1_1_home_controller_1a2b2b9fc769baf64a190f72c9a9e06752" kindref="member">Privacy</ref>()</highlight></codeline>
<codeline lineno="51"><highlight class="normal"><sp/><sp/><sp/><sp/><sp/><sp/><sp/><sp/>{</highlight></codeline>
<codeline lineno="52"><highlight class="normal"><sp/><sp/><sp/><sp/><sp/><sp/><sp/><sp/><sp/><sp/><sp/><sp/></highlight><highlight class="keywordflow">return</highlight><highlight class="normal"><sp/>View();</highlight></codeline>
<codeline lineno="53"><highlight class="normal"><sp/><sp/><sp/><sp/><sp/><sp/><sp/><sp/>}</highlight></codeline>
<codeline lineno="54"><highlight class="normal"></highlight></codeline>
<codeline lineno="55"><highlight class="normal"><sp/><sp/><sp/><sp/><sp/><sp/><sp/><sp/>[ResponseCache(Duration<sp/>=<sp/>0,<sp/>Location<sp/>=<sp/>ResponseCacheLocation.None,<sp/>NoStore<sp/>=<sp/></highlight><highlight class="keyword">true</highlight><highlight class="normal">)]</highlight></codeline>
<codeline lineno="56" refid="class_music_store_1_1_controllers_1_1_home_controller_1a61c59cc5552bae97e99db1c157b22c82" refkind="member"><highlight class="normal"><sp/><sp/><sp/><sp/><sp/><sp/><sp/><sp/></highlight><highlight class="keyword">public</highlight><highlight class="normal"><sp/>IActionResult<sp/><ref refid="class_music_store_1_1_controllers_1_1_home_controller_1a61c59cc5552bae97e99db1c157b22c82" kindref="member">Error</ref>()</highlight></codeline>
<codeline lineno="57"><highlight class="normal"><sp/><sp/><sp/><sp/><sp/><sp/><sp/><sp/>{</highlight></codeline>
<codeline lineno="58"><highlight class="normal"><sp/><sp/><sp/><sp/><sp/><sp/><sp/><sp/><sp/><sp/><sp/><sp/></highlight><highlight class="keywordflow">return</highlight><highlight class="normal"><sp/>View(</highlight><highlight class="keyword">new</highlight><highlight class="normal"><sp/><ref refid="class_music_store_1_1_models_1_1_error_view_model" kindref="compound">ErrorViewModel</ref><sp/>{<sp/>RequestId<sp/>=<sp/>Activity.Current?.Id<sp/>??<sp/>HttpContext.TraceIdentifier<sp/>});</highlight></codeline>
<codeline lineno="59"><highlight class="normal"><sp/><sp/><sp/><sp/><sp/><sp/><sp/><sp/>}</highlight></codeline>
<codeline lineno="60"><highlight class="normal"><sp/><sp/><sp/><sp/>}</highlight></codeline>
<codeline lineno="61"><highlight class="normal">}</highlight></codeline>
    </programlisting>
    <location file="C:/Users/ACT/Desktop/Jesse A Projects/Git Repo/JesseA/SD-104-CSharp/MVC_Lab9_CustomerReccomendPage/Controllers/HomeController.cs"/>
  </compounddef>
</doxygen>
