<?xml version='1.0' encoding='UTF-8' standalone='no'?>
<doxygen xmlns:xsi="http://www.w3.org/2001/XMLSchema-instance" xsi:noNamespaceSchemaLocation="compound.xsd" version="1.8.6">
  <compounddef id="_l_i_c_e_n_s_e_8md" kind="file">
    <compoundname>LICENSE.md</compoundname>
    <briefdescription>
    </briefdescription>
    <detaileddescription>
    </detaileddescription>
    <programlisting>
<codeline lineno="1"><highlight class="normal">The<sp/>MIT<sp/>License<sp/>(MIT)</highlight></codeline>
<codeline lineno="2"><highlight class="normal">=====================</highlight></codeline>
<codeline lineno="3"><highlight class="normal"></highlight></codeline>
<codeline lineno="4"><highlight class="normal">Copyright<sp/>Jörn<sp/>Zaefferer</highlight></codeline>
<codeline lineno="5"><highlight class="normal"></highlight></codeline>
<codeline lineno="6"><highlight class="normal">Permission<sp/>is<sp/>hereby<sp/>granted,<sp/>free<sp/>of<sp/>charge,<sp/>to<sp/>any<sp/>person<sp/>obtaining<sp/>a<sp/>copy</highlight></codeline>
<codeline lineno="7"><highlight class="normal">of<sp/></highlight><highlight class="keyword">this</highlight><highlight class="normal"><sp/>software<sp/>and<sp/>associated<sp/>documentation<sp/>files<sp/>(the<sp/></highlight><highlight class="stringliteral">&quot;Software&quot;</highlight><highlight class="normal">),<sp/>to<sp/>deal</highlight></codeline>
<codeline lineno="8"><highlight class="normal">in<sp/>the<sp/>Software<sp/>without<sp/>restriction,<sp/>including<sp/>without<sp/>limitation<sp/>the<sp/>rights</highlight></codeline>
<codeline lineno="9"><highlight class="normal">to<sp/>use,<sp/>copy,<sp/>modify,<sp/>merge,<sp/>publish,<sp/>distribute,<sp/>sublicense,<sp/>and/or<sp/>sell</highlight></codeline>
<codeline lineno="10"><highlight class="normal">copies<sp/>of<sp/>the<sp/>Software,<sp/>and<sp/>to<sp/>permit<sp/>persons<sp/>to<sp/>whom<sp/>the<sp/>Software<sp/>is</highlight></codeline>
<codeline lineno="11"><highlight class="normal">furnished<sp/>to<sp/></highlight><highlight class="keywordflow">do</highlight><highlight class="normal"><sp/>so,<sp/>subject<sp/>to<sp/>the<sp/>following<sp/>conditions:</highlight></codeline>
<codeline lineno="12"><highlight class="normal"></highlight></codeline>
<codeline lineno="13"><highlight class="normal">The<sp/>above<sp/>copyright<sp/>notice<sp/>and<sp/></highlight><highlight class="keyword">this</highlight><highlight class="normal"><sp/>permission<sp/>notice<sp/>shall<sp/>be<sp/>included<sp/>in</highlight></codeline>
<codeline lineno="14"><highlight class="normal">all<sp/>copies<sp/>or<sp/>substantial<sp/>portions<sp/>of<sp/>the<sp/>Software.</highlight></codeline>
<codeline lineno="15"><highlight class="normal"></highlight></codeline>
<codeline lineno="16"><highlight class="normal">THE<sp/>SOFTWARE<sp/>IS<sp/>PROVIDED<sp/></highlight><highlight class="stringliteral">&quot;AS<sp/>IS&quot;</highlight><highlight class="normal">,<sp/>WITHOUT<sp/>WARRANTY<sp/>OF<sp/>ANY<sp/>KIND,<sp/>EXPRESS<sp/>OR</highlight></codeline>
<codeline lineno="17"><highlight class="normal">IMPLIED,<sp/>INCLUDING<sp/>BUT<sp/>NOT<sp/>LIMITED<sp/>TO<sp/>THE<sp/>WARRANTIES<sp/>OF<sp/>MERCHANTABILITY,</highlight></codeline>
<codeline lineno="18"><highlight class="normal">FITNESS<sp/>FOR<sp/>A<sp/>PARTICULAR<sp/>PURPOSE<sp/>AND<sp/>NONINFRINGEMENT.<sp/>IN<sp/>NO<sp/>EVENT<sp/>SHALL<sp/>THE</highlight></codeline>
<codeline lineno="19"><highlight class="normal">AUTHORS<sp/>OR<sp/>COPYRIGHT<sp/>HOLDERS<sp/>BE<sp/>LIABLE<sp/>FOR<sp/>ANY<sp/>CLAIM,<sp/>DAMAGES<sp/>OR<sp/>OTHER</highlight></codeline>
<codeline lineno="20"><highlight class="normal">LIABILITY,<sp/>WHETHER<sp/>IN<sp/>AN<sp/>ACTION<sp/>OF<sp/>CONTRACT,<sp/>TORT<sp/>OR<sp/>OTHERWISE,<sp/>ARISING<sp/>FROM,</highlight></codeline>
<codeline lineno="21"><highlight class="normal">OUT<sp/>OF<sp/>OR<sp/>IN<sp/>CONNECTION<sp/>WITH<sp/>THE<sp/>SOFTWARE<sp/>OR<sp/>THE<sp/>USE<sp/>OR<sp/>OTHER<sp/>DEALINGS<sp/>IN</highlight></codeline>
<codeline lineno="22"><highlight class="normal">THE<sp/>SOFTWARE.</highlight></codeline>
    </programlisting>
    <location file="C:/Users/ACT/Desktop/Jesse A Projects/Git Repo/JesseA/SD-104-CSharp/MVC_Lab9_CustomerReccomendPage/wwwroot/lib/jquery-validation/LICENSE.md"/>
  </compounddef>
</doxygen>
