<?xml version='1.0' encoding='UTF-8' standalone='no'?>
<doxygen xmlns:xsi="http://www.w3.org/2001/XMLSchema-instance" xsi:noNamespaceSchemaLocation="compound.xsd" version="1.8.6">
  <compounddef id="_song_8cs" kind="file">
    <compoundname>Song.cs</compoundname>
    <innerclass refid="class_music_store_1_1_models_1_1_song" prot="public">MusicStore::Models::Song</innerclass>
    <innernamespace refid="namespace_music_store_1_1_models">MusicStore::Models</innernamespace>
    <briefdescription>
    </briefdescription>
    <detaileddescription>
    </detaileddescription>
    <programlisting>
<codeline lineno="1"><highlight class="keyword">using</highlight><highlight class="normal"><sp/>System;</highlight></codeline>
<codeline lineno="2"><highlight class="normal"></highlight><highlight class="keyword">using</highlight><highlight class="normal"><sp/>System.Collections.Generic;</highlight></codeline>
<codeline lineno="3"><highlight class="normal"></highlight><highlight class="keyword">using</highlight><highlight class="normal"><sp/>System.Linq;</highlight></codeline>
<codeline lineno="4"><highlight class="normal"></highlight><highlight class="keyword">using</highlight><highlight class="normal"><sp/>System.Threading.Tasks;</highlight></codeline>
<codeline lineno="5"><highlight class="normal"></highlight><highlight class="keyword">using</highlight><highlight class="normal"><sp/>System.Runtime.InteropServices;</highlight></codeline>
<codeline lineno="6"><highlight class="normal"></highlight><highlight class="keyword">using</highlight><highlight class="normal"><sp/>System.Reflection;</highlight></codeline>
<codeline lineno="7"><highlight class="normal"></highlight></codeline>
<codeline lineno="8"><highlight class="normal"></highlight><highlight class="keyword">namespace<sp/></highlight><highlight class="normal">MusicStore.Models</highlight></codeline>
<codeline lineno="9"><highlight class="normal">{</highlight></codeline>
<codeline lineno="10" refid="class_music_store_1_1_models_1_1_song" refkind="compound"><highlight class="normal"><sp/><sp/><sp/><sp/></highlight><highlight class="keyword">public</highlight><highlight class="normal"><sp/></highlight><highlight class="keyword">class<sp/></highlight><highlight class="normal"><ref refid="class_music_store_1_1_models_1_1_song" kindref="compound">Song</ref></highlight></codeline>
<codeline lineno="11"><highlight class="normal"><sp/><sp/><sp/><sp/>{</highlight></codeline>
<codeline lineno="12" refid="class_music_store_1_1_models_1_1_song_1a9b1d704b1444d73643356d2c4a5af98d" refkind="member"><highlight class="normal"><sp/><sp/><sp/><sp/><sp/><sp/><sp/><sp/></highlight><highlight class="keyword">public</highlight><highlight class="normal"><sp/></highlight><highlight class="keywordtype">int</highlight><highlight class="normal"><sp/>Id<sp/>{<sp/></highlight><highlight class="keyword">get</highlight><highlight class="normal">;<sp/>set;<sp/>}</highlight></codeline>
<codeline lineno="13" refid="class_music_store_1_1_models_1_1_song_1acf8e12b48d87c5340974590d44e9d8af" refkind="member"><highlight class="normal"><sp/><sp/><sp/><sp/><sp/><sp/><sp/><sp/></highlight><highlight class="keyword">public</highlight><highlight class="normal"><sp/></highlight><highlight class="keywordtype">string</highlight><highlight class="normal"><sp/>Title<sp/>{<sp/></highlight><highlight class="keyword">get</highlight><highlight class="normal">;<sp/>set;<sp/>}</highlight></codeline>
<codeline lineno="14" refid="class_music_store_1_1_models_1_1_song_1aac792b7b00964576248c34950cd9c579" refkind="member"><highlight class="normal"><sp/><sp/><sp/><sp/><sp/><sp/><sp/><sp/></highlight><highlight class="keyword">public</highlight><highlight class="normal"><sp/></highlight><highlight class="keywordtype">string</highlight><highlight class="normal"><sp/>Artist<sp/>{<sp/></highlight><highlight class="keyword">get</highlight><highlight class="normal">;<sp/>set;<sp/>}</highlight></codeline>
<codeline lineno="15" refid="class_music_store_1_1_models_1_1_song_1a09ffa87d566d660ebda512a32626d779" refkind="member"><highlight class="normal"><sp/><sp/><sp/><sp/><sp/><sp/><sp/><sp/></highlight><highlight class="keyword">public</highlight><highlight class="normal"><sp/></highlight><highlight class="keywordtype">string</highlight><highlight class="normal"><sp/>Album<sp/>{<sp/></highlight><highlight class="keyword">get</highlight><highlight class="normal">;<sp/>set;<sp/>}</highlight></codeline>
<codeline lineno="16"><highlight class="normal"><sp/><sp/><sp/><sp/><sp/><sp/><sp/><sp/>[System.ComponentModel.DataAnnotations.Display(Name<sp/>=<sp/></highlight><highlight class="stringliteral">&quot;Release<sp/>Date&quot;</highlight><highlight class="normal">)]</highlight></codeline>
<codeline lineno="17"><highlight class="normal"><sp/><sp/><sp/><sp/><sp/><sp/><sp/><sp/>[System.ComponentModel.DataAnnotations.DataType(System.ComponentModel.DataAnnotations.DataType.Date)]</highlight></codeline>
<codeline lineno="18"><highlight class="normal"><sp/><sp/><sp/><sp/><sp/><sp/><sp/><sp/>[System.ComponentModel.DataAnnotations.DisplayFormat(DataFormatString<sp/>=<sp/></highlight><highlight class="stringliteral">&quot;{0:MM/dd/yyy}&quot;</highlight><highlight class="normal">,<sp/>ApplyFormatInEditMode<sp/>=<sp/></highlight><highlight class="keyword">true</highlight><highlight class="normal">)]</highlight></codeline>
<codeline lineno="19" refid="class_music_store_1_1_models_1_1_song_1a4612c326e5d4cd0334aab47ea004c5dd" refkind="member"><highlight class="normal"><sp/><sp/><sp/><sp/><sp/><sp/><sp/><sp/></highlight><highlight class="keyword">public</highlight><highlight class="normal"><sp/>DateTime<sp/>ReleaseDate<sp/>{<sp/></highlight><highlight class="keyword">get</highlight><highlight class="normal">;<sp/>set;<sp/>}</highlight></codeline>
<codeline lineno="20" refid="class_music_store_1_1_models_1_1_song_1af8859cbb940a9106458b07a19896bf66" refkind="member"><highlight class="normal"><sp/><sp/><sp/><sp/><sp/><sp/><sp/><sp/></highlight><highlight class="keyword">public</highlight><highlight class="normal"><sp/></highlight><highlight class="keywordtype">string</highlight><highlight class="normal"><sp/>Genre<sp/>{<sp/></highlight><highlight class="keyword">get</highlight><highlight class="normal">;<sp/>set;<sp/>}</highlight></codeline>
<codeline lineno="21"><highlight class="normal"></highlight></codeline>
<codeline lineno="22"><highlight class="normal"><sp/><sp/><sp/><sp/><sp/><sp/><sp/><sp/>[System.ComponentModel.DataAnnotations.Display(Name<sp/>=<sp/></highlight><highlight class="stringliteral">&quot;Album<sp/>Cover&quot;</highlight><highlight class="normal">)]</highlight></codeline>
<codeline lineno="23" refid="class_music_store_1_1_models_1_1_song_1a4ba4f7bf3af3f740cda4cda228a57e37" refkind="member"><highlight class="normal"><sp/><sp/><sp/><sp/><sp/><sp/><sp/><sp/></highlight><highlight class="keyword">public</highlight><highlight class="normal"><sp/></highlight><highlight class="keywordtype">string</highlight><highlight class="normal"><sp/>ImagePath<sp/>{<sp/><sp/></highlight><highlight class="keyword">get</highlight><highlight class="normal">;<sp/>set;<sp/>}</highlight></codeline>
<codeline lineno="24" refid="class_music_store_1_1_models_1_1_song_1a903532cd136265da80d402ee7d5f22c3" refkind="member"><highlight class="normal"><sp/><sp/><sp/><sp/><sp/><sp/><sp/><sp/></highlight><highlight class="keyword">public</highlight><highlight class="normal"><sp/>decimal<sp/>Price<sp/>{<sp/></highlight><highlight class="keyword">get</highlight><highlight class="normal">;<sp/>set;<sp/>}</highlight></codeline>
<codeline lineno="25"><highlight class="normal"></highlight></codeline>
<codeline lineno="26" refid="class_music_store_1_1_models_1_1_song_1a1b5e92d4ef158eea68906e65f58de80c" refkind="member"><highlight class="normal"><sp/><sp/><sp/><sp/><sp/><sp/><sp/><sp/></highlight><highlight class="keyword">public</highlight><highlight class="normal"><sp/></highlight><highlight class="keywordtype">bool</highlight><highlight class="normal"><sp/>IsActive<sp/>{<sp/></highlight><highlight class="keyword">get</highlight><highlight class="normal">;<sp/>set;<sp/>}</highlight></codeline>
<codeline lineno="27" refid="class_music_store_1_1_models_1_1_song_1ace6f0d3049e02cdef7461943f4c173dc" refkind="member"><highlight class="normal"><sp/><sp/><sp/><sp/><sp/><sp/><sp/><sp/></highlight><highlight class="keyword">public</highlight><highlight class="normal"><sp/></highlight><highlight class="keywordtype">bool</highlight><highlight class="normal"><sp/>IsFeatured<sp/>{<sp/></highlight><highlight class="keyword">get</highlight><highlight class="normal">;<sp/>set;<sp/>}</highlight></codeline>
<codeline lineno="28"><highlight class="normal"></highlight></codeline>
<codeline lineno="29"><highlight class="normal"></highlight></codeline>
<codeline lineno="30"><highlight class="normal"><sp/><sp/><sp/><sp/>}</highlight></codeline>
<codeline lineno="31"><highlight class="normal">}</highlight></codeline>
    </programlisting>
    <location file="C:/Users/ACT/Desktop/Jesse A Projects/Git Repo/JesseA/SD-104-CSharp/MVC_Lab9_CustomerReccomendPage/Models/Song.cs"/>
  </compounddef>
</doxygen>
