<?xml version='1.0' encoding='UTF-8' standalone='no'?>
<doxygen xmlns:xsi="http://www.w3.org/2001/XMLSchema-instance" xsi:noNamespaceSchemaLocation="compound.xsd" version="1.8.6">
  <compounddef id="class_music_store_1_1_data_1_1_migrations_1_1__2_lab8" kind="class" prot="public">
    <compoundname>MusicStore::Data::Migrations::_2Lab8</compoundname>
    <basecompoundref prot="public" virt="non-virtual">Migration</basecompoundref>
      <sectiondef kind="protected-func">
      <memberdef kind="function" id="class_music_store_1_1_data_1_1_migrations_1_1__2_lab8_1ade436270932ed5045e46d51388b768cb" prot="protected" static="no" const="no" explicit="no" inline="yes" virt="non-virtual">
        <type>override void</type>
        <definition>override void MusicStore.Data.Migrations._2Lab8.Up</definition>
        <argsstring>(MigrationBuilder migrationBuilder)</argsstring>
        <name>Up</name>
        <param>
          <type>MigrationBuilder</type>
          <declname>migrationBuilder</declname>
        </param>
        <briefdescription>
        </briefdescription>
        <detaileddescription>
        </detaileddescription>
        <inbodydescription>
        </inbodydescription>
        <location file="C:/Users/ACT/Desktop/Jesse A Projects/Git Repo/JesseA/SD-104-CSharp/MVC_Lab9_CustomerReccomendPage/Data/Migrations/20190916152212_2Lab8.cs" line="8" column="1" bodyfile="C:/Users/ACT/Desktop/Jesse A Projects/Git Repo/JesseA/SD-104-CSharp/MVC_Lab9_CustomerReccomendPage/Data/Migrations/20190916152212_2Lab8.cs" bodystart="8" bodyend="26"/>
      </memberdef>
      <memberdef kind="function" id="class_music_store_1_1_data_1_1_migrations_1_1__2_lab8_1abffab43cde62e77abf45465f794920e0" prot="protected" static="no" const="no" explicit="no" inline="yes" virt="non-virtual">
        <type>override void</type>
        <definition>override void MusicStore.Data.Migrations._2Lab8.Down</definition>
        <argsstring>(MigrationBuilder migrationBuilder)</argsstring>
        <name>Down</name>
        <param>
          <type>MigrationBuilder</type>
          <declname>migrationBuilder</declname>
        </param>
        <briefdescription>
        </briefdescription>
        <detaileddescription>
        </detaileddescription>
        <inbodydescription>
        </inbodydescription>
        <location file="C:/Users/ACT/Desktop/Jesse A Projects/Git Repo/JesseA/SD-104-CSharp/MVC_Lab9_CustomerReccomendPage/Data/Migrations/20190916152212_2Lab8.cs" line="28" column="1" bodyfile="C:/Users/ACT/Desktop/Jesse A Projects/Git Repo/JesseA/SD-104-CSharp/MVC_Lab9_CustomerReccomendPage/Data/Migrations/20190916152212_2Lab8.cs" bodystart="28" bodyend="32"/>
      </memberdef>
      <memberdef kind="function" id="class_music_store_1_1_data_1_1_migrations_1_1__2_lab8_1ac359e12b82eed67201f3aa67a49dbc51" prot="protected" static="no" const="no" explicit="no" inline="yes" virt="non-virtual">
        <type>override void</type>
        <definition>override void MusicStore.Data.Migrations._2Lab8.BuildTargetModel</definition>
        <argsstring>(ModelBuilder modelBuilder)</argsstring>
        <name>BuildTargetModel</name>
        <param>
          <type>ModelBuilder</type>
          <declname>modelBuilder</declname>
        </param>
        <briefdescription>
        </briefdescription>
        <detaileddescription>
        </detaileddescription>
        <inbodydescription>
        </inbodydescription>
        <location file="C:/Users/ACT/Desktop/Jesse A Projects/Git Repo/JesseA/SD-104-CSharp/MVC_Lab9_CustomerReccomendPage/Data/Migrations/20190916152212_2Lab8.Designer.cs" line="16" column="1" bodyfile="C:/Users/ACT/Desktop/Jesse A Projects/Git Repo/JesseA/SD-104-CSharp/MVC_Lab9_CustomerReccomendPage/Data/Migrations/20190916152212_2Lab8.Designer.cs" bodystart="16" bodyend="284"/>
      </memberdef>
      </sectiondef>
    <briefdescription>
    </briefdescription>
    <detaileddescription>
    </detaileddescription>
    <inheritancegraph>
      <node id="8">
        <label>MusicStore.Data.Migrations._2Lab8</label>
        <link refid="class_music_store_1_1_data_1_1_migrations_1_1__2_lab8"/>
        <childnode refid="9" relation="public-inheritance">
        </childnode>
      </node>
      <node id="9">
        <label>Migration</label>
      </node>
    </inheritancegraph>
    <collaborationgraph>
      <node id="10">
        <label>MusicStore.Data.Migrations._2Lab8</label>
        <link refid="class_music_store_1_1_data_1_1_migrations_1_1__2_lab8"/>
        <childnode refid="11" relation="public-inheritance">
        </childnode>
      </node>
      <node id="11">
        <label>Migration</label>
      </node>
    </collaborationgraph>
    <location file="C:/Users/ACT/Desktop/Jesse A Projects/Git Repo/JesseA/SD-104-CSharp/MVC_Lab9_CustomerReccomendPage/Data/Migrations/20190916152212_2Lab8.cs" line="7" column="1" bodyfile="C:/Users/ACT/Desktop/Jesse A Projects/Git Repo/JesseA/SD-104-CSharp/MVC_Lab9_CustomerReccomendPage/Data/Migrations/20190916152212_2Lab8.cs" bodystart="6" bodyend="33"/>
    <listofallmembers>
      <member refid="class_music_store_1_1_data_1_1_migrations_1_1__2_lab8_1ac359e12b82eed67201f3aa67a49dbc51" prot="protected" virt="non-virtual"><scope>MusicStore::Data::Migrations::_2Lab8</scope><name>BuildTargetModel</name></member>
      <member refid="class_music_store_1_1_data_1_1_migrations_1_1__2_lab8_1abffab43cde62e77abf45465f794920e0" prot="protected" virt="non-virtual"><scope>MusicStore::Data::Migrations::_2Lab8</scope><name>Down</name></member>
      <member refid="class_music_store_1_1_data_1_1_migrations_1_1__2_lab8_1ade436270932ed5045e46d51388b768cb" prot="protected" virt="non-virtual"><scope>MusicStore::Data::Migrations::_2Lab8</scope><name>Up</name></member>
    </listofallmembers>
  </compounddef>
</doxygen>
