<?xml version='1.0' encoding='UTF-8' standalone='no'?>
<doxygen xmlns:xsi="http://www.w3.org/2001/XMLSchema-instance" xsi:noNamespaceSchemaLocation="compound.xsd" version="1.8.6">
  <compounddef id="class_music_store_1_1_data_1_1_migrations_1_1__1_lab8" kind="class" prot="public">
    <compoundname>MusicStore::Data::Migrations::_1Lab8</compoundname>
    <basecompoundref prot="public" virt="non-virtual">Migration</basecompoundref>
      <sectiondef kind="protected-func">
      <memberdef kind="function" id="class_music_store_1_1_data_1_1_migrations_1_1__1_lab8_1aea45cd765ad128af838225700ab58571" prot="protected" static="no" const="no" explicit="no" inline="yes" virt="non-virtual">
        <type>override void</type>
        <definition>override void MusicStore.Data.Migrations._1Lab8.Up</definition>
        <argsstring>(MigrationBuilder migrationBuilder)</argsstring>
        <name>Up</name>
        <param>
          <type>MigrationBuilder</type>
          <declname>migrationBuilder</declname>
        </param>
        <briefdescription>
        </briefdescription>
        <detaileddescription>
        </detaileddescription>
        <inbodydescription>
        </inbodydescription>
        <location file="C:/Users/ACT/Desktop/Jesse A Projects/Git Repo/JesseA/SD-104-CSharp/MVC_Lab9_CustomerReccomendPage/Data/Migrations/20190916150340_1Lab8.cs" line="7" column="1" bodyfile="C:/Users/ACT/Desktop/Jesse A Projects/Git Repo/JesseA/SD-104-CSharp/MVC_Lab9_CustomerReccomendPage/Data/Migrations/20190916150340_1Lab8.cs" bodystart="7" bodyend="10"/>
      </memberdef>
      <memberdef kind="function" id="class_music_store_1_1_data_1_1_migrations_1_1__1_lab8_1ab7ef45a1937c096da0c226a70f45c2ac" prot="protected" static="no" const="no" explicit="no" inline="yes" virt="non-virtual">
        <type>override void</type>
        <definition>override void MusicStore.Data.Migrations._1Lab8.Down</definition>
        <argsstring>(MigrationBuilder migrationBuilder)</argsstring>
        <name>Down</name>
        <param>
          <type>MigrationBuilder</type>
          <declname>migrationBuilder</declname>
        </param>
        <briefdescription>
        </briefdescription>
        <detaileddescription>
        </detaileddescription>
        <inbodydescription>
        </inbodydescription>
        <location file="C:/Users/ACT/Desktop/Jesse A Projects/Git Repo/JesseA/SD-104-CSharp/MVC_Lab9_CustomerReccomendPage/Data/Migrations/20190916150340_1Lab8.cs" line="12" column="1" bodyfile="C:/Users/ACT/Desktop/Jesse A Projects/Git Repo/JesseA/SD-104-CSharp/MVC_Lab9_CustomerReccomendPage/Data/Migrations/20190916150340_1Lab8.cs" bodystart="12" bodyend="15"/>
      </memberdef>
      <memberdef kind="function" id="class_music_store_1_1_data_1_1_migrations_1_1__1_lab8_1a6be2d8a91d082df7e3ce5bf4d313d3ef" prot="protected" static="no" const="no" explicit="no" inline="yes" virt="non-virtual">
        <type>override void</type>
        <definition>override void MusicStore.Data.Migrations._1Lab8.BuildTargetModel</definition>
        <argsstring>(ModelBuilder modelBuilder)</argsstring>
        <name>BuildTargetModel</name>
        <param>
          <type>ModelBuilder</type>
          <declname>modelBuilder</declname>
        </param>
        <briefdescription>
        </briefdescription>
        <detaileddescription>
        </detaileddescription>
        <inbodydescription>
        </inbodydescription>
        <location file="C:/Users/ACT/Desktop/Jesse A Projects/Git Repo/JesseA/SD-104-CSharp/MVC_Lab9_CustomerReccomendPage/Data/Migrations/20190916150340_1Lab8.Designer.cs" line="16" column="1" bodyfile="C:/Users/ACT/Desktop/Jesse A Projects/Git Repo/JesseA/SD-104-CSharp/MVC_Lab9_CustomerReccomendPage/Data/Migrations/20190916150340_1Lab8.Designer.cs" bodystart="16" bodyend="263"/>
      </memberdef>
      </sectiondef>
    <briefdescription>
    </briefdescription>
    <detaileddescription>
    </detaileddescription>
    <inheritancegraph>
      <node id="0">
        <label>MusicStore.Data.Migrations._1Lab8</label>
        <link refid="class_music_store_1_1_data_1_1_migrations_1_1__1_lab8"/>
        <childnode refid="1" relation="public-inheritance">
        </childnode>
      </node>
      <node id="1">
        <label>Migration</label>
      </node>
    </inheritancegraph>
    <collaborationgraph>
      <node id="2">
        <label>MusicStore.Data.Migrations._1Lab8</label>
        <link refid="class_music_store_1_1_data_1_1_migrations_1_1__1_lab8"/>
        <childnode refid="3" relation="public-inheritance">
        </childnode>
      </node>
      <node id="3">
        <label>Migration</label>
      </node>
    </collaborationgraph>
    <location file="C:/Users/ACT/Desktop/Jesse A Projects/Git Repo/JesseA/SD-104-CSharp/MVC_Lab9_CustomerReccomendPage/Data/Migrations/20190916150340_1Lab8.cs" line="6" column="1" bodyfile="C:/Users/ACT/Desktop/Jesse A Projects/Git Repo/JesseA/SD-104-CSharp/MVC_Lab9_CustomerReccomendPage/Data/Migrations/20190916150340_1Lab8.cs" bodystart="5" bodyend="16"/>
    <listofallmembers>
      <member refid="class_music_store_1_1_data_1_1_migrations_1_1__1_lab8_1a6be2d8a91d082df7e3ce5bf4d313d3ef" prot="protected" virt="non-virtual"><scope>MusicStore::Data::Migrations::_1Lab8</scope><name>BuildTargetModel</name></member>
      <member refid="class_music_store_1_1_data_1_1_migrations_1_1__1_lab8_1ab7ef45a1937c096da0c226a70f45c2ac" prot="protected" virt="non-virtual"><scope>MusicStore::Data::Migrations::_1Lab8</scope><name>Down</name></member>
      <member refid="class_music_store_1_1_data_1_1_migrations_1_1__1_lab8_1aea45cd765ad128af838225700ab58571" prot="protected" virt="non-virtual"><scope>MusicStore::Data::Migrations::_1Lab8</scope><name>Up</name></member>
    </listofallmembers>
  </compounddef>
</doxygen>
