<?xml version='1.0' encoding='UTF-8' standalone='no'?>
<doxygen xmlns:xsi="http://www.w3.org/2001/XMLSchema-instance" xsi:noNamespaceSchemaLocation="compound.xsd" version="1.8.6">
  <compounddef id="class_music_store_1_1_data_1_1_migrations_1_1_second" kind="class" prot="public">
    <compoundname>MusicStore::Data::Migrations::Second</compoundname>
    <basecompoundref prot="public" virt="non-virtual">Migration</basecompoundref>
      <sectiondef kind="protected-func">
      <memberdef kind="function" id="class_music_store_1_1_data_1_1_migrations_1_1_second_1ad3bc232ea2ddb90b074cacacfe4ac441" prot="protected" static="no" const="no" explicit="no" inline="yes" virt="non-virtual">
        <type>override void</type>
        <definition>override void MusicStore.Data.Migrations.Second.Up</definition>
        <argsstring>(MigrationBuilder migrationBuilder)</argsstring>
        <name>Up</name>
        <param>
          <type>MigrationBuilder</type>
          <declname>migrationBuilder</declname>
        </param>
        <briefdescription>
        </briefdescription>
        <detaileddescription>
        </detaileddescription>
        <inbodydescription>
        </inbodydescription>
        <location file="C:/Users/ACT/Desktop/Jesse A Projects/Git Repo/JesseA/SD-104-CSharp/MVC_Lab9_CustomerReccomendPage/Data/Migrations/20190912142132_Second.cs" line="7" column="1" bodyfile="C:/Users/ACT/Desktop/Jesse A Projects/Git Repo/JesseA/SD-104-CSharp/MVC_Lab9_CustomerReccomendPage/Data/Migrations/20190912142132_Second.cs" bodystart="7" bodyend="20"/>
      </memberdef>
      <memberdef kind="function" id="class_music_store_1_1_data_1_1_migrations_1_1_second_1ad0b16eb09776a34c9a940dfce02e2dae" prot="protected" static="no" const="no" explicit="no" inline="yes" virt="non-virtual">
        <type>override void</type>
        <definition>override void MusicStore.Data.Migrations.Second.Down</definition>
        <argsstring>(MigrationBuilder migrationBuilder)</argsstring>
        <name>Down</name>
        <param>
          <type>MigrationBuilder</type>
          <declname>migrationBuilder</declname>
        </param>
        <briefdescription>
        </briefdescription>
        <detaileddescription>
        </detaileddescription>
        <inbodydescription>
        </inbodydescription>
        <location file="C:/Users/ACT/Desktop/Jesse A Projects/Git Repo/JesseA/SD-104-CSharp/MVC_Lab9_CustomerReccomendPage/Data/Migrations/20190912142132_Second.cs" line="22" column="1" bodyfile="C:/Users/ACT/Desktop/Jesse A Projects/Git Repo/JesseA/SD-104-CSharp/MVC_Lab9_CustomerReccomendPage/Data/Migrations/20190912142132_Second.cs" bodystart="22" bodyend="31"/>
      </memberdef>
      <memberdef kind="function" id="class_music_store_1_1_data_1_1_migrations_1_1_second_1a2f6d40de43b96d8bb78cf48952b474dd" prot="protected" static="no" const="no" explicit="no" inline="yes" virt="non-virtual">
        <type>override void</type>
        <definition>override void MusicStore.Data.Migrations.Second.BuildTargetModel</definition>
        <argsstring>(ModelBuilder modelBuilder)</argsstring>
        <name>BuildTargetModel</name>
        <param>
          <type>ModelBuilder</type>
          <declname>modelBuilder</declname>
        </param>
        <briefdescription>
        </briefdescription>
        <detaileddescription>
        </detaileddescription>
        <inbodydescription>
        </inbodydescription>
        <location file="C:/Users/ACT/Desktop/Jesse A Projects/Git Repo/JesseA/SD-104-CSharp/MVC_Lab9_CustomerReccomendPage/Data/Migrations/20190912142132_Second.Designer.cs" line="16" column="1" bodyfile="C:/Users/ACT/Desktop/Jesse A Projects/Git Repo/JesseA/SD-104-CSharp/MVC_Lab9_CustomerReccomendPage/Data/Migrations/20190912142132_Second.Designer.cs" bodystart="16" bodyend="263"/>
      </memberdef>
      </sectiondef>
    <briefdescription>
    </briefdescription>
    <detaileddescription>
    </detaileddescription>
    <inheritancegraph>
      <node id="66">
        <label>MusicStore.Data.Migrations.Second</label>
        <link refid="class_music_store_1_1_data_1_1_migrations_1_1_second"/>
        <childnode refid="67" relation="public-inheritance">
        </childnode>
      </node>
      <node id="67">
        <label>Migration</label>
      </node>
    </inheritancegraph>
    <collaborationgraph>
      <node id="68">
        <label>MusicStore.Data.Migrations.Second</label>
        <link refid="class_music_store_1_1_data_1_1_migrations_1_1_second"/>
        <childnode refid="69" relation="public-inheritance">
        </childnode>
      </node>
      <node id="69">
        <label>Migration</label>
      </node>
    </collaborationgraph>
    <location file="C:/Users/ACT/Desktop/Jesse A Projects/Git Repo/JesseA/SD-104-CSharp/MVC_Lab9_CustomerReccomendPage/Data/Migrations/20190912142132_Second.cs" line="6" column="1" bodyfile="C:/Users/ACT/Desktop/Jesse A Projects/Git Repo/JesseA/SD-104-CSharp/MVC_Lab9_CustomerReccomendPage/Data/Migrations/20190912142132_Second.cs" bodystart="5" bodyend="32"/>
    <listofallmembers>
      <member refid="class_music_store_1_1_data_1_1_migrations_1_1_second_1a2f6d40de43b96d8bb78cf48952b474dd" prot="protected" virt="non-virtual"><scope>MusicStore::Data::Migrations::Second</scope><name>BuildTargetModel</name></member>
      <member refid="class_music_store_1_1_data_1_1_migrations_1_1_second_1ad0b16eb09776a34c9a940dfce02e2dae" prot="protected" virt="non-virtual"><scope>MusicStore::Data::Migrations::Second</scope><name>Down</name></member>
      <member refid="class_music_store_1_1_data_1_1_migrations_1_1_second_1ad3bc232ea2ddb90b074cacacfe4ac441" prot="protected" virt="non-virtual"><scope>MusicStore::Data::Migrations::Second</scope><name>Up</name></member>
    </listofallmembers>
  </compounddef>
</doxygen>
