<?xml version='1.0' encoding='UTF-8' standalone='no'?>
<doxygen xmlns:xsi="http://www.w3.org/2001/XMLSchema-instance" xsi:noNamespaceSchemaLocation="compound.xsd" version="1.8.6">
  <compounddef id="class_music_store_1_1_data_1_1_migrations_1_1_lab7" kind="class" prot="public">
    <compoundname>MusicStore::Data::Migrations::Lab7</compoundname>
    <basecompoundref prot="public" virt="non-virtual">Migration</basecompoundref>
      <sectiondef kind="protected-func">
      <memberdef kind="function" id="class_music_store_1_1_data_1_1_migrations_1_1_lab7_1a34a571e3c06b18a3559302ef7ad523a7" prot="protected" static="no" const="no" explicit="no" inline="yes" virt="non-virtual">
        <type>override void</type>
        <definition>override void MusicStore.Data.Migrations.Lab7.Up</definition>
        <argsstring>(MigrationBuilder migrationBuilder)</argsstring>
        <name>Up</name>
        <param>
          <type>MigrationBuilder</type>
          <declname>migrationBuilder</declname>
        </param>
        <briefdescription>
        </briefdescription>
        <detaileddescription>
        </detaileddescription>
        <inbodydescription>
        </inbodydescription>
        <location file="C:/Users/ACT/Desktop/Jesse A Projects/Git Repo/JesseA/SD-104-CSharp/MVC_Lab9_CustomerReccomendPage/Data/Migrations/20190916140034_Lab7.cs" line="7" column="1" bodyfile="C:/Users/ACT/Desktop/Jesse A Projects/Git Repo/JesseA/SD-104-CSharp/MVC_Lab9_CustomerReccomendPage/Data/Migrations/20190916140034_Lab7.cs" bodystart="7" bodyend="10"/>
      </memberdef>
      <memberdef kind="function" id="class_music_store_1_1_data_1_1_migrations_1_1_lab7_1a3742a8f0481f347854337e5fb65b9bcd" prot="protected" static="no" const="no" explicit="no" inline="yes" virt="non-virtual">
        <type>override void</type>
        <definition>override void MusicStore.Data.Migrations.Lab7.Down</definition>
        <argsstring>(MigrationBuilder migrationBuilder)</argsstring>
        <name>Down</name>
        <param>
          <type>MigrationBuilder</type>
          <declname>migrationBuilder</declname>
        </param>
        <briefdescription>
        </briefdescription>
        <detaileddescription>
        </detaileddescription>
        <inbodydescription>
        </inbodydescription>
        <location file="C:/Users/ACT/Desktop/Jesse A Projects/Git Repo/JesseA/SD-104-CSharp/MVC_Lab9_CustomerReccomendPage/Data/Migrations/20190916140034_Lab7.cs" line="12" column="1" bodyfile="C:/Users/ACT/Desktop/Jesse A Projects/Git Repo/JesseA/SD-104-CSharp/MVC_Lab9_CustomerReccomendPage/Data/Migrations/20190916140034_Lab7.cs" bodystart="12" bodyend="15"/>
      </memberdef>
      <memberdef kind="function" id="class_music_store_1_1_data_1_1_migrations_1_1_lab7_1a39dda62dcee3a08ac5ab2b86c2b4fef2" prot="protected" static="no" const="no" explicit="no" inline="yes" virt="non-virtual">
        <type>override void</type>
        <definition>override void MusicStore.Data.Migrations.Lab7.BuildTargetModel</definition>
        <argsstring>(ModelBuilder modelBuilder)</argsstring>
        <name>BuildTargetModel</name>
        <param>
          <type>ModelBuilder</type>
          <declname>modelBuilder</declname>
        </param>
        <briefdescription>
        </briefdescription>
        <detaileddescription>
        </detaileddescription>
        <inbodydescription>
        </inbodydescription>
        <location file="C:/Users/ACT/Desktop/Jesse A Projects/Git Repo/JesseA/SD-104-CSharp/MVC_Lab9_CustomerReccomendPage/Data/Migrations/20190916140034_Lab7.Designer.cs" line="16" column="1" bodyfile="C:/Users/ACT/Desktop/Jesse A Projects/Git Repo/JesseA/SD-104-CSharp/MVC_Lab9_CustomerReccomendPage/Data/Migrations/20190916140034_Lab7.Designer.cs" bodystart="16" bodyend="263"/>
      </memberdef>
      </sectiondef>
    <briefdescription>
    </briefdescription>
    <detaileddescription>
    </detaileddescription>
    <inheritancegraph>
      <node id="60">
        <label>MusicStore.Data.Migrations.Lab7</label>
        <link refid="class_music_store_1_1_data_1_1_migrations_1_1_lab7"/>
        <childnode refid="61" relation="public-inheritance">
        </childnode>
      </node>
      <node id="61">
        <label>Migration</label>
      </node>
    </inheritancegraph>
    <collaborationgraph>
      <node id="62">
        <label>MusicStore.Data.Migrations.Lab7</label>
        <link refid="class_music_store_1_1_data_1_1_migrations_1_1_lab7"/>
        <childnode refid="63" relation="public-inheritance">
        </childnode>
      </node>
      <node id="63">
        <label>Migration</label>
      </node>
    </collaborationgraph>
    <location file="C:/Users/ACT/Desktop/Jesse A Projects/Git Repo/JesseA/SD-104-CSharp/MVC_Lab9_CustomerReccomendPage/Data/Migrations/20190916140034_Lab7.cs" line="6" column="1" bodyfile="C:/Users/ACT/Desktop/Jesse A Projects/Git Repo/JesseA/SD-104-CSharp/MVC_Lab9_CustomerReccomendPage/Data/Migrations/20190916140034_Lab7.cs" bodystart="5" bodyend="16"/>
    <listofallmembers>
      <member refid="class_music_store_1_1_data_1_1_migrations_1_1_lab7_1a39dda62dcee3a08ac5ab2b86c2b4fef2" prot="protected" virt="non-virtual"><scope>MusicStore::Data::Migrations::Lab7</scope><name>BuildTargetModel</name></member>
      <member refid="class_music_store_1_1_data_1_1_migrations_1_1_lab7_1a3742a8f0481f347854337e5fb65b9bcd" prot="protected" virt="non-virtual"><scope>MusicStore::Data::Migrations::Lab7</scope><name>Down</name></member>
      <member refid="class_music_store_1_1_data_1_1_migrations_1_1_lab7_1a34a571e3c06b18a3559302ef7ad523a7" prot="protected" virt="non-virtual"><scope>MusicStore::Data::Migrations::Lab7</scope><name>Up</name></member>
    </listofallmembers>
  </compounddef>
</doxygen>
