<?xml version='1.0' encoding='UTF-8' standalone='no'?>
<doxygen xmlns:xsi="http://www.w3.org/2001/XMLSchema-instance" xsi:noNamespaceSchemaLocation="compound.xsd" version="1.8.6">
  <compounddef id="dir_c4fdab6090dcacc8419ff37a1418d9ad" kind="dir">
    <compoundname>C:/Users/ACT/Desktop</compoundname>
    <innerdir refid="dir_191c45ffc8c06d60b3e13b7908efa8e8">C:/Users/ACT/Desktop/Jesse A Projects</innerdir>
    <briefdescription>
    </briefdescription>
    <detaileddescription>
    </detaileddescription>
    <location file="C:/Users/ACT/Desktop/"/>
  </compounddef>
</doxygen>
