<?xml version='1.0' encoding='UTF-8' standalone='no'?>
<doxygen xmlns:xsi="http://www.w3.org/2001/XMLSchema-instance" xsi:noNamespaceSchemaLocation="compound.xsd" version="1.8.6">
  <compounddef id="dir_f4fbe5522395e2b3b704e03f20120d41" kind="dir">
    <compoundname>C:/Users/ACT/Desktop/Jesse A Projects/Git Repo/JesseA/SD-104-CSharp/MVC_Lab9_CustomerReccomendPage/Models</compoundname>
    <innerfile refid="_customer_8cs">Customer.cs</innerfile>
    <innerfile refid="_error_view_model_8cs">ErrorViewModel.cs</innerfile>
    <innerfile refid="_song_8cs">Song.cs</innerfile>
    <briefdescription>
    </briefdescription>
    <detaileddescription>
    </detaileddescription>
    <location file="C:/Users/ACT/Desktop/Jesse A Projects/Git Repo/JesseA/SD-104-CSharp/MVC_Lab9_CustomerReccomendPage/Models/"/>
  </compounddef>
</doxygen>
