<?xml version='1.0' encoding='UTF-8' standalone='no'?>
<doxygen xmlns:xsi="http://www.w3.org/2001/XMLSchema-instance" xsi:noNamespaceSchemaLocation="compound.xsd" version="1.8.6">
  <compounddef id="dir_d522931ffa1371640980b621734a4381" kind="dir">
    <compoundname>C:/Users</compoundname>
    <innerdir refid="dir_af76b42206172b707801125024b37ab3">C:/Users/ACT</innerdir>
    <briefdescription>
    </briefdescription>
    <detaileddescription>
    </detaileddescription>
    <location file="C:/Users/"/>
  </compounddef>
</doxygen>
