<?xml version='1.0' encoding='UTF-8' standalone='no'?>
<doxygen xmlns:xsi="http://www.w3.org/2001/XMLSchema-instance" xsi:noNamespaceSchemaLocation="compound.xsd" version="1.8.6">
  <compounddef id="dir_191c45ffc8c06d60b3e13b7908efa8e8" kind="dir">
    <compoundname>C:/Users/ACT/Desktop/Jesse A Projects</compoundname>
    <innerdir refid="dir_acd1889dbbf458b078387e3e9e098583">C:/Users/ACT/Desktop/Jesse A Projects/Git Repo</innerdir>
    <briefdescription>
    </briefdescription>
    <detaileddescription>
    </detaileddescription>
    <location file="C:/Users/ACT/Desktop/Jesse A Projects/"/>
  </compounddef>
</doxygen>
