<?xml version='1.0' encoding='UTF-8' standalone='no'?>
<doxygen xmlns:xsi="http://www.w3.org/2001/XMLSchema-instance" xsi:noNamespaceSchemaLocation="compound.xsd" version="1.8.6">
  <compounddef id="dir_acd1889dbbf458b078387e3e9e098583" kind="dir">
    <compoundname>C:/Users/ACT/Desktop/Jesse A Projects/Git Repo</compoundname>
    <innerdir refid="dir_fb2cf21eb441f6b3c7365dc17a1df5ff">C:/Users/ACT/Desktop/Jesse A Projects/Git Repo/JesseA</innerdir>
    <briefdescription>
    </briefdescription>
    <detaileddescription>
    </detaileddescription>
    <location file="C:/Users/ACT/Desktop/Jesse A Projects/Git Repo/"/>
  </compounddef>
</doxygen>
