<?xml version='1.0' encoding='UTF-8' standalone='no'?>
<doxygen xmlns:xsi="http://www.w3.org/2001/XMLSchema-instance" xsi:noNamespaceSchemaLocation="compound.xsd" version="1.8.6">
  <compounddef id="dir_c7faa21b51c9a8e6fd4d886ab08592e9" kind="dir">
    <compoundname>C:/Users/ACT/Desktop/Jesse A Projects/Git Repo/JesseA/SD-104-CSharp</compoundname>
    <innerdir refid="dir_fdc423a927199b3f5222349201ba4acf">C:/Users/ACT/Desktop/Jesse A Projects/Git Repo/JesseA/SD-104-CSharp/MVC_Lab9_CustomerReccomendPage</innerdir>
    <briefdescription>
    </briefdescription>
    <detaileddescription>
    </detaileddescription>
    <location file="C:/Users/ACT/Desktop/Jesse A Projects/Git Repo/JesseA/SD-104-CSharp/"/>
  </compounddef>
</doxygen>
