<?xml version='1.0' encoding='UTF-8' standalone='no'?>
<doxygen xmlns:xsi="http://www.w3.org/2001/XMLSchema-instance" xsi:noNamespaceSchemaLocation="compound.xsd" version="1.8.6">
  <compounddef id="dir_af76b42206172b707801125024b37ab3" kind="dir">
    <compoundname>C:/Users/ACT</compoundname>
    <innerdir refid="dir_c4fdab6090dcacc8419ff37a1418d9ad">C:/Users/ACT/Desktop</innerdir>
    <briefdescription>
    </briefdescription>
    <detaileddescription>
    </detaileddescription>
    <location file="C:/Users/ACT/"/>
  </compounddef>
</doxygen>
