<?xml version='1.0' encoding='UTF-8' standalone='no'?>
<doxygen xmlns:xsi="http://www.w3.org/2001/XMLSchema-instance" xsi:noNamespaceSchemaLocation="compound.xsd" version="1.8.6">
  <compounddef id="dir_fb2cf21eb441f6b3c7365dc17a1df5ff" kind="dir">
    <compoundname>C:/Users/ACT/Desktop/Jesse A Projects/Git Repo/JesseA</compoundname>
    <innerdir refid="dir_c7faa21b51c9a8e6fd4d886ab08592e9">C:/Users/ACT/Desktop/Jesse A Projects/Git Repo/JesseA/SD-104-CSharp</innerdir>
    <briefdescription>
    </briefdescription>
    <detaileddescription>
    </detaileddescription>
    <location file="C:/Users/ACT/Desktop/Jesse A Projects/Git Repo/JesseA/"/>
  </compounddef>
</doxygen>
