<?xml version='1.0' encoding='UTF-8' standalone='no'?>
<doxygen xmlns:xsi="http://www.w3.org/2001/XMLSchema-instance" xsi:noNamespaceSchemaLocation="compound.xsd" version="1.8.6">
  <compounddef id="namespace_microsoft_1_1_asp_net_core_1_1_https_policy" kind="namespace">
    <compoundname>Microsoft::AspNetCore::HttpsPolicy</compoundname>
    <briefdescription>
    </briefdescription>
    <detaileddescription>
    </detaileddescription>
    <location file="C:/Users/ACT/Desktop/Jesse A Projects/Git Repo/JesseA/SD-104-CSharp/MVC_Lab9_CustomerReccomendPage/Startup.cs" line="9" column="1"/>
  </compounddef>
</doxygen>
