<?xml version='1.0' encoding='UTF-8' standalone='no'?>
<doxygen xmlns:xsi="http://www.w3.org/2001/XMLSchema-instance" xsi:noNamespaceSchemaLocation="compound.xsd" version="1.8.6">
  <compounddef id="namespace_music_store_1_1_controllers" kind="namespace">
    <compoundname>MusicStore::Controllers</compoundname>
    <innerclass refid="class_music_store_1_1_controllers_1_1_customers_controller" prot="public">MusicStore::Controllers::CustomersController</innerclass>
    <innerclass refid="class_music_store_1_1_controllers_1_1_home_controller" prot="public">MusicStore::Controllers::HomeController</innerclass>
    <innerclass refid="class_music_store_1_1_controllers_1_1_songs_controller" prot="public">MusicStore::Controllers::SongsController</innerclass>
    <briefdescription>
    </briefdescription>
    <detaileddescription>
    </detaileddescription>
    <location file="C:/Users/ACT/Desktop/Jesse A Projects/Git Repo/JesseA/SD-104-CSharp/MVC_Lab9_CustomerReccomendPage/Controllers/CustomersController.cs" line="15" column="1"/>
  </compounddef>
</doxygen>
