<?xml version='1.0' encoding='UTF-8' standalone='no'?>
<doxygen xmlns:xsi="http://www.w3.org/2001/XMLSchema-instance" xsi:noNamespaceSchemaLocation="compound.xsd" version="1.8.6">
  <compounddef id="namespace_music_store_1_1_data" kind="namespace">
    <compoundname>MusicStore::Data</compoundname>
    <innerclass refid="class_music_store_1_1_data_1_1_application_db_context" prot="public">MusicStore::Data::ApplicationDbContext</innerclass>
    <innernamespace refid="namespace_music_store_1_1_data_1_1_migrations">MusicStore::Data::Migrations</innernamespace>
    <briefdescription>
    </briefdescription>
    <detaileddescription>
    </detaileddescription>
    <location file="[generated]" line="1" column="1"/>
  </compounddef>
</doxygen>
