<?xml version='1.0' encoding='UTF-8' standalone='no'?>
<doxygen xmlns:xsi="http://www.w3.org/2001/XMLSchema-instance" xsi:noNamespaceSchemaLocation="compound.xsd" version="1.8.6">
  <compounddef id="namespace_microsoft_1_1_asp_net_core_1_1_identity_1_1_entity_framework_core" kind="namespace">
    <compoundname>Microsoft::AspNetCore::Identity::EntityFrameworkCore</compoundname>
    <briefdescription>
    </briefdescription>
    <detaileddescription>
    </detaileddescription>
    <location file="C:/Users/ACT/Desktop/Jesse A Projects/Git Repo/JesseA/SD-104-CSharp/MVC_Lab9_CustomerReccomendPage/Data/ApplicationDbContext.cs" line="4" column="1"/>
  </compounddef>
</doxygen>
