<?xml version='1.0' encoding='UTF-8' standalone='no'?>
<doxygen xmlns:xsi="http://www.w3.org/2001/XMLSchema-instance" xsi:noNamespaceSchemaLocation="compound.xsd" version="1.8.6">
  <compounddef id="namespace_microsoft_1_1_entity_framework_core_1_1_migrations" kind="namespace">
    <compoundname>Microsoft::EntityFrameworkCore::Migrations</compoundname>
    <briefdescription>
    </briefdescription>
    <detaileddescription>
    </detaileddescription>
    <location file="C:/Users/ACT/Desktop/Jesse A Projects/Git Repo/JesseA/SD-104-CSharp/MVC_Lab9_CustomerReccomendPage/Data/Migrations/00000000000000_CreateIdentitySchema.cs" line="3" column="1"/>
  </compounddef>
</doxygen>
