<?xml version='1.0' encoding='UTF-8' standalone='no'?>
<doxygen xmlns:xsi="http://www.w3.org/2001/XMLSchema-instance" xsi:noNamespaceSchemaLocation="compound.xsd" version="1.8.6">
  <compounddef id="namespace_music_store" kind="namespace">
    <compoundname>MusicStore</compoundname>
    <innerclass refid="class_music_store_1_1_program" prot="public">MusicStore::Program</innerclass>
    <innerclass refid="class_music_store_1_1_startup" prot="public">MusicStore::Startup</innerclass>
    <innernamespace refid="namespace_music_store_1_1_controllers">MusicStore::Controllers</innernamespace>
    <innernamespace refid="namespace_music_store_1_1_data">MusicStore::Data</innernamespace>
    <innernamespace refid="namespace_music_store_1_1_models">MusicStore::Models</innernamespace>
    <briefdescription>
    </briefdescription>
    <detaileddescription>
    </detaileddescription>
    <location file="[generated]" line="1" column="1"/>
  </compounddef>
</doxygen>
